{
	"credit": "Made with Blockbench",
	"texture_size": [64, 64],
	"textures": {
		"0": "backrooms:decoration/trafficlight/traffic_light",
		"1": "backrooms:decoration/trafficlight/red_light",
		"2": "backrooms:decoration/trafficlight/green_light",
		"particle": "backrooms:decoration/trafficlight/traffic_light"
	},
	"elements": [
		{
			"from": [4, 0, 4],
			"to": [12, 16, 12],
			"faces": {
				"north": {"uv": [2, 2, 4, 6], "texture": "#0"},
				"east": {"uv": [0, 2, 2, 6], "texture": "#0"},
				"south": {"uv": [6, 2, 8, 6], "texture": "#0"},
				"west": {"uv": [4, 2, 6, 6], "texture": "#0"},
				"up": {"uv": [4, 2, 2, 0], "texture": "#0"},
				"down": {"uv": [6, 0, 4, 2], "texture": "#0"}
			}
		},
		{
			"from": [6, 2, 3],
			"to": [10, 6, 4],
			"faces": {
				"north": {"uv": [8.5, 1.5, 9.5, 2.5], "texture": "#0"},
				"east": {"uv": [8.25, 1.5, 8.5, 2.5], "texture": "#0"},
				"south": {"uv": [9.75, 1.5, 10.75, 2.5], "texture": "#0"},
				"west": {"uv": [9.5, 1.5, 9.75, 2.5], "texture": "#0"},
				"up": {"uv": [9.5, 1.5, 8.5, 1.25], "texture": "#0"},
				"down": {"uv": [10.5, 1.25, 9.5, 1.5], "texture": "#0"}
			}
		},
		{
			"name": "cube_outline",
			"from": [10.17, 6.17, 3.97],
			"to": [5.83, 1.83, 2.63],
			"faces": {
				"north": {"uv": [8.5, 7.75, 7.25, 6.5], "rotation": 180, "texture": "#2"},
				"east": {"uv": [9, 7.75, 8.5, 6.5], "rotation": 180, "texture": "#2"},
				"south": {"uv": [6.75, 7.75, 5.5, 6.5], "rotation": 180, "texture": "#2"},
				"west": {"uv": [7.25, 7.75, 6.75, 6.5], "rotation": 180, "texture": "#2"},
				"up": {"uv": [7.25, 7.75, 8.5, 8.25], "rotation": 180, "texture": "#2"},
				"down": {"uv": [6, 8.25, 7.25, 7.75], "rotation": 180, "texture": "#2"}
			}
		},
		{
			"from": [5, 4, 0],
			"to": [5, 7, 4],
			"faces": {
				"north": {"uv": [8.25, 6.25, 8.25, 7], "texture": "#0"},
				"east": {"uv": [5.75, 6.5, 4.75, 7.25], "texture": "#0"},
				"south": {"uv": [9.25, 6.25, 9.25, 7], "texture": "#0"},
				"west": {"uv": [4.75, 6.5, 5.75, 7.25], "texture": "#0"},
				"up": {"uv": [8.25, 6.25, 8.25, 5.25], "texture": "#0"},
				"down": {"uv": [8.25, 5.25, 8.25, 6.25], "texture": "#0"}
			}
		},
		{
			"from": [5, 7, 0],
			"to": [11, 7, 4],
			"faces": {
				"north": {"uv": [1, 7.25, 2.5, 7.25], "texture": "#0"},
				"east": {"uv": [0, 7.25, 1, 7.25], "texture": "#0"},
				"south": {"uv": [3.5, 7.25, 5, 7.25], "texture": "#0"},
				"west": {"uv": [2.5, 7.25, 3.5, 7.25], "texture": "#0"},
				"up": {"uv": [2.5, 7.25, 1, 6.25], "texture": "#0"},
				"down": {"uv": [2.5, 6.25, 1, 7.25], "texture": "#0"}
			}
		},
		{
			"from": [11, 4, 0],
			"to": [11, 7, 4],
			"faces": {
				"north": {"uv": [6.25, 7.25, 6.25, 8], "texture": "#0"},
				"east": {"uv": [3.25, 6.5, 4.25, 7.25], "texture": "#0"},
				"south": {"uv": [7.25, 7.25, 7.25, 8], "texture": "#0"},
				"west": {"uv": [4.25, 6.5, 3.25, 7.25], "texture": "#0"},
				"up": {"uv": [6.25, 7.25, 6.25, 6.25], "texture": "#0"},
				"down": {"uv": [6.25, 6.25, 6.25, 7.25], "texture": "#0"}
			}
		},
		{
			"from": [12, 2, 6],
			"to": [13, 6, 10],
			"faces": {
				"north": {"uv": [9.5, 1.5, 9.75, 2.5], "texture": "#0"},
				"east": {"uv": [8.5, 1.5, 9.5, 2.5], "texture": "#0"},
				"south": {"uv": [8.25, 1.5, 8.5, 2.5], "texture": "#0"},
				"west": {"uv": [9.75, 1.5, 10.75, 2.5], "texture": "#0"},
				"up": {"uv": [9.5, 1.5, 8.5, 1.25], "rotation": 90, "texture": "#0"},
				"down": {"uv": [10.5, 1.25, 9.5, 1.5], "rotation": 270, "texture": "#0"}
			}
		},
		{
			"name": "cube_outline",
			"from": [13.37, 6.17, 10.17],
			"to": [12.03, 1.83, 5.83],
			"faces": {
				"north": {"uv": [7.75, 7, 7.25, 5.75], "rotation": 180, "texture": "#2"},
				"east": {"uv": [9, 7, 7.75, 5.75], "rotation": 180, "texture": "#2"},
				"south": {"uv": [6, 7, 5.5, 5.75], "rotation": 180, "texture": "#2"},
				"west": {"uv": [7.25, 7, 6, 5.75], "rotation": 180, "texture": "#2"},
				"up": {"uv": [7.25, 7, 7.75, 8.25], "rotation": 180, "texture": "#2"},
				"down": {"uv": [6.75, 8.25, 7.25, 7], "rotation": 180, "texture": "#2"}
			}
		},
		{
			"from": [12, 4, 5],
			"to": [16, 7, 5],
			"faces": {
				"north": {"uv": [4.75, 6.5, 5.75, 7.25], "texture": "#0"},
				"east": {"uv": [8.25, 6.25, 8.25, 7], "texture": "#0"},
				"south": {"uv": [5.75, 6.5, 4.75, 7.25], "texture": "#0"},
				"west": {"uv": [9.25, 6.25, 9.25, 7], "texture": "#0"},
				"up": {"uv": [8.25, 6.25, 8.25, 5.25], "rotation": 90, "texture": "#0"},
				"down": {"uv": [8.25, 5.25, 8.25, 6.25], "rotation": 270, "texture": "#0"}
			}
		},
		{
			"from": [12, 7, 5],
			"to": [16, 7, 11],
			"faces": {
				"north": {"uv": [2.5, 7.25, 3.5, 7.25], "texture": "#0"},
				"east": {"uv": [1, 7.25, 2.5, 7.25], "texture": "#0"},
				"south": {"uv": [0, 7.25, 1, 7.25], "texture": "#0"},
				"west": {"uv": [3.5, 7.25, 5, 7.25], "texture": "#0"},
				"up": {"uv": [2.5, 7.25, 1, 6.25], "rotation": 90, "texture": "#0"},
				"down": {"uv": [2.5, 6.25, 1, 7.25], "rotation": 270, "texture": "#0"}
			}
		},
		{
			"from": [12, 4, 11],
			"to": [16, 7, 11],
			"faces": {
				"north": {"uv": [4.25, 6.5, 3.25, 7.25], "texture": "#0"},
				"east": {"uv": [6.25, 7.25, 6.25, 8], "texture": "#0"},
				"south": {"uv": [3.25, 6.5, 4.25, 7.25], "texture": "#0"},
				"west": {"uv": [7.25, 7.25, 7.25, 8], "texture": "#0"},
				"up": {"uv": [6.25, 7.25, 6.25, 6.25], "rotation": 90, "texture": "#0"},
				"down": {"uv": [6.25, 6.25, 6.25, 7.25], "rotation": 270, "texture": "#0"}
			}
		},
		{
			"from": [3, 2, 6],
			"to": [4, 6, 10],
			"rotation": {"angle": 0, "axis": "y", "origin": [16, 0, 0]},
			"faces": {
				"north": {"uv": [9.75, 1.5, 9.5, 2.5], "texture": "#0"},
				"east": {"uv": [10.75, 1.5, 9.75, 2.5], "texture": "#0"},
				"south": {"uv": [8.5, 1.5, 8.25, 2.5], "texture": "#0"},
				"west": {"uv": [9.5, 1.5, 8.5, 2.5], "texture": "#0"},
				"up": {"uv": [9.5, 1.25, 8.5, 1.5], "rotation": 90, "texture": "#0"},
				"down": {"uv": [10.5, 1.5, 9.5, 1.25], "rotation": 270, "texture": "#0"}
			}
		},
		{
			"name": "cube_outline",
			"from": [3.97, 6.17, 10.17],
			"to": [2.63, 1.83, 5.83],
			"rotation": {"angle": 0, "axis": "y", "origin": [16, 0, 0]},
			"faces": {
				"north": {"uv": [7.25, 7, 7.75, 5.75], "rotation": 180, "texture": "#2"},
				"east": {"uv": [6, 7, 7.25, 5.75], "rotation": 180, "texture": "#2"},
				"south": {"uv": [5.5, 7, 6, 5.75], "rotation": 180, "texture": "#2"},
				"west": {"uv": [7.75, 7, 9, 5.75], "rotation": 180, "texture": "#2"},
				"up": {"uv": [7.75, 7, 7.25, 8.25], "rotation": 180, "texture": "#2"},
				"down": {"uv": [7.25, 8.25, 6.75, 7], "rotation": 180, "texture": "#2"}
			}
		},
		{
			"from": [0, 4, 5],
			"to": [4, 7, 5],
			"rotation": {"angle": 0, "axis": "y", "origin": [16, 0, 0]},
			"faces": {
				"north": {"uv": [5.75, 6.5, 4.75, 7.25], "texture": "#0"},
				"east": {"uv": [9.25, 6.25, 9.25, 7], "texture": "#0"},
				"south": {"uv": [4.75, 6.5, 5.75, 7.25], "texture": "#0"},
				"west": {"uv": [8.25, 6.25, 8.25, 7], "texture": "#0"},
				"up": {"uv": [8.25, 5.25, 8.25, 6.25], "rotation": 90, "texture": "#0"},
				"down": {"uv": [8.25, 6.25, 8.25, 5.25], "rotation": 270, "texture": "#0"}
			}
		},
		{
			"from": [0, 7, 5],
			"to": [4, 7, 11],
			"rotation": {"angle": 0, "axis": "y", "origin": [16, 0, 0]},
			"faces": {
				"north": {"uv": [3.5, 7.25, 2.5, 7.25], "texture": "#0"},
				"east": {"uv": [5, 7.25, 3.5, 7.25], "texture": "#0"},
				"south": {"uv": [1, 7.25, 0, 7.25], "texture": "#0"},
				"west": {"uv": [2.5, 7.25, 1, 7.25], "texture": "#0"},
				"up": {"uv": [2.5, 6.25, 1, 7.25], "rotation": 90, "texture": "#0"},
				"down": {"uv": [2.5, 7.25, 1, 6.25], "rotation": 270, "texture": "#0"}
			}
		},
		{
			"from": [0, 4, 11],
			"to": [4, 7, 11],
			"rotation": {"angle": 0, "axis": "y", "origin": [16, 0, 0]},
			"faces": {
				"north": {"uv": [3.25, 6.5, 4.25, 7.25], "texture": "#0"},
				"east": {"uv": [7.25, 7.25, 7.25, 8], "texture": "#0"},
				"south": {"uv": [4.25, 6.5, 3.25, 7.25], "texture": "#0"},
				"west": {"uv": [6.25, 7.25, 6.25, 8], "texture": "#0"},
				"up": {"uv": [6.25, 6.25, 6.25, 7.25], "rotation": 90, "texture": "#0"},
				"down": {"uv": [6.25, 7.25, 6.25, 6.25], "rotation": 270, "texture": "#0"}
			}
		},
		{
			"from": [6, 2, 12],
			"to": [10, 6, 13],
			"rotation": {"angle": 0, "axis": "y", "origin": [8, 5.5, 2.75]},
			"faces": {
				"north": {"uv": [8.5, 1.5, 9.5, 2.5], "texture": "#0"},
				"east": {"uv": [8.25, 1.5, 8.5, 2.5], "texture": "#0"},
				"south": {"uv": [9.75, 1.5, 10.75, 2.5], "texture": "#0"},
				"west": {"uv": [9.5, 1.5, 9.75, 2.5], "texture": "#0"},
				"up": {"uv": [9.5, 1.5, 8.5, 1.25], "texture": "#0"},
				"down": {"uv": [10.5, 1.25, 9.5, 1.5], "texture": "#0"}
			}
		},
		{
			"name": "cube_outline",
			"from": [10.17, 6.17, 13.37],
			"to": [5.83, 1.83, 12.03],
			"rotation": {"angle": 0, "axis": "y", "origin": [8, 5.5, 2.75]},
			"faces": {
				"north": {"uv": [8.5, 7.75, 7.25, 6.5], "rotation": 180, "texture": "#2"},
				"east": {"uv": [9, 7.75, 8.5, 6.5], "rotation": 180, "texture": "#2"},
				"south": {"uv": [6.75, 7.75, 5.5, 6.5], "rotation": 180, "texture": "#2"},
				"west": {"uv": [7.25, 7.75, 6.75, 6.5], "rotation": 180, "texture": "#2"},
				"up": {"uv": [7.25, 7.75, 8.5, 8.25], "rotation": 180, "texture": "#2"},
				"down": {"uv": [6, 8.25, 7.25, 7.75], "rotation": 180, "texture": "#2"}
			}
		},
		{
			"from": [11, 4, 12],
			"to": [11, 7, 16],
			"rotation": {"angle": 0, "axis": "y", "origin": [8, 5.5, 2.75]},
			"faces": {
				"north": {"uv": [9.25, 6.25, 9.25, 7], "texture": "#0"},
				"east": {"uv": [4.75, 6.5, 5.75, 7.25], "texture": "#0"},
				"south": {"uv": [8.25, 6.25, 8.25, 7], "texture": "#0"},
				"west": {"uv": [5.75, 6.5, 4.75, 7.25], "texture": "#0"},
				"up": {"uv": [8.25, 6.25, 8.25, 5.25], "rotation": 180, "texture": "#0"},
				"down": {"uv": [8.25, 5.25, 8.25, 6.25], "rotation": 180, "texture": "#0"}
			}
		},
		{
			"from": [5, 7, 12],
			"to": [11, 7, 16],
			"rotation": {"angle": 0, "axis": "y", "origin": [8, 5.5, 2.75]},
			"faces": {
				"north": {"uv": [3.5, 7.25, 5, 7.25], "texture": "#0"},
				"east": {"uv": [2.5, 7.25, 3.5, 7.25], "texture": "#0"},
				"south": {"uv": [1, 7.25, 2.5, 7.25], "texture": "#0"},
				"west": {"uv": [0, 7.25, 1, 7.25], "texture": "#0"},
				"up": {"uv": [2.5, 7.25, 1, 6.25], "rotation": 180, "texture": "#0"},
				"down": {"uv": [2.5, 6.25, 1, 7.25], "rotation": 180, "texture": "#0"}
			}
		},
		{
			"from": [5, 4, 12],
			"to": [5, 7, 16],
			"rotation": {"angle": 0, "axis": "y", "origin": [8, 5.5, 2.75]},
			"faces": {
				"north": {"uv": [7.25, 7.25, 7.25, 8], "texture": "#0"},
				"east": {"uv": [4.25, 6.5, 3.25, 7.25], "texture": "#0"},
				"south": {"uv": [6.25, 7.25, 6.25, 8], "texture": "#0"},
				"west": {"uv": [3.25, 6.5, 4.25, 7.25], "texture": "#0"},
				"up": {"uv": [6.25, 7.25, 6.25, 6.25], "rotation": 180, "texture": "#0"},
				"down": {"uv": [6.25, 6.25, 6.25, 7.25], "rotation": 180, "texture": "#0"}
			}
		},
		{
			"name": "cube_outline",
			"from": [10.17, 13.17, 3.97],
			"to": [5.83, 8.83, 2.63],
			"faces": {
				"north": {"uv": [8.5, 7.75, 7.25, 6.5], "rotation": 180, "texture": "#1"},
				"east": {"uv": [9, 7.75, 8.5, 6.5], "rotation": 180, "texture": "#1"},
				"south": {"uv": [6.75, 7.75, 5.5, 6.5], "rotation": 180, "texture": "#1"},
				"west": {"uv": [7.25, 7.75, 6.75, 6.5], "rotation": 180, "texture": "#1"},
				"up": {"uv": [7.25, 7.75, 8.5, 8.25], "rotation": 180, "texture": "#1"},
				"down": {"uv": [6, 8.25, 7.25, 7.75], "rotation": 180, "texture": "#1"}
			}
		},
		{
			"from": [6, 9, 3],
			"to": [10, 13, 4],
			"faces": {
				"north": {"uv": [0.25, 7.75, 1.25, 8.75], "texture": "#0"},
				"east": {"uv": [0, 7.75, 0.25, 8.75], "texture": "#0"},
				"south": {"uv": [1.5, 7.75, 2.5, 8.75], "texture": "#0"},
				"west": {"uv": [1.25, 7.75, 1.5, 8.75], "texture": "#0"},
				"up": {"uv": [1.25, 7.75, 0.25, 7.5], "texture": "#0"},
				"down": {"uv": [2.25, 7.5, 1.25, 7.75], "texture": "#0"}
			}
		},
		{
			"from": [5, 11, 0],
			"to": [5, 14, 4],
			"faces": {
				"north": {"uv": [8.25, 6.25, 8.25, 7], "texture": "#0"},
				"east": {"uv": [5.75, 6.5, 4.75, 7.25], "texture": "#0"},
				"south": {"uv": [9.25, 6.25, 9.25, 7], "texture": "#0"},
				"west": {"uv": [4.75, 6.5, 5.75, 7.25], "texture": "#0"},
				"up": {"uv": [8.25, 6.25, 8.25, 5.25], "texture": "#0"},
				"down": {"uv": [8.25, 5.25, 8.25, 6.25], "texture": "#0"}
			}
		},
		{
			"from": [5, 14, 0],
			"to": [11, 14, 4],
			"faces": {
				"north": {"uv": [1, 7.25, 2.5, 7.25], "texture": "#0"},
				"east": {"uv": [0, 7.25, 1, 7.25], "texture": "#0"},
				"south": {"uv": [3.5, 7.25, 5, 7.25], "texture": "#0"},
				"west": {"uv": [2.5, 7.25, 3.5, 7.25], "texture": "#0"},
				"up": {"uv": [2.5, 7.25, 1, 6.25], "texture": "#0"},
				"down": {"uv": [2.5, 6.25, 1, 7.25], "texture": "#0"}
			}
		},
		{
			"from": [11, 11, 0],
			"to": [11, 14, 4],
			"faces": {
				"north": {"uv": [6.25, 7.25, 6.25, 8], "texture": "#0"},
				"east": {"uv": [3.25, 6.5, 4.25, 7.25], "texture": "#0"},
				"south": {"uv": [7.25, 7.25, 7.25, 8], "texture": "#0"},
				"west": {"uv": [4.25, 6.5, 3.25, 7.25], "texture": "#0"},
				"up": {"uv": [6.25, 7.25, 6.25, 6.25], "texture": "#0"},
				"down": {"uv": [6.25, 6.25, 6.25, 7.25], "texture": "#0"}
			}
		},
		{
			"name": "cube_outline",
			"from": [13.37, 13.17, 10.17],
			"to": [12.03, 8.83, 5.83],
			"faces": {
				"north": {"uv": [7.75, 7, 7.25, 5.75], "rotation": 180, "texture": "#1"},
				"east": {"uv": [9, 7, 7.75, 5.75], "rotation": 180, "texture": "#1"},
				"south": {"uv": [6, 7, 5.5, 5.75], "rotation": 180, "texture": "#1"},
				"west": {"uv": [7.25, 7, 6, 5.75], "rotation": 180, "texture": "#1"},
				"up": {"uv": [7.25, 7, 7.75, 8.25], "rotation": 180, "texture": "#1"},
				"down": {"uv": [6.75, 8.25, 7.25, 7], "rotation": 180, "texture": "#1"}
			}
		},
		{
			"from": [12, 9, 6],
			"to": [13, 13, 10],
			"faces": {
				"north": {"uv": [1.25, 7.75, 1.5, 8.75], "texture": "#0"},
				"east": {"uv": [0.25, 7.75, 1.25, 8.75], "texture": "#0"},
				"south": {"uv": [0, 7.75, 0.25, 8.75], "texture": "#0"},
				"west": {"uv": [1.5, 7.75, 2.5, 8.75], "texture": "#0"},
				"up": {"uv": [1.25, 7.75, 0.25, 7.5], "rotation": 90, "texture": "#0"},
				"down": {"uv": [2.25, 7.5, 1.25, 7.75], "rotation": 270, "texture": "#0"}
			}
		},
		{
			"from": [12, 11, 5],
			"to": [16, 14, 5],
			"faces": {
				"north": {"uv": [4.75, 6.5, 5.75, 7.25], "texture": "#0"},
				"east": {"uv": [8.25, 6.25, 8.25, 7], "texture": "#0"},
				"south": {"uv": [5.75, 6.5, 4.75, 7.25], "texture": "#0"},
				"west": {"uv": [9.25, 6.25, 9.25, 7], "texture": "#0"},
				"up": {"uv": [8.25, 6.25, 8.25, 5.25], "rotation": 90, "texture": "#0"},
				"down": {"uv": [8.25, 5.25, 8.25, 6.25], "rotation": 270, "texture": "#0"}
			}
		},
		{
			"from": [12, 14, 5],
			"to": [16, 14, 11],
			"faces": {
				"north": {"uv": [2.5, 7.25, 3.5, 7.25], "texture": "#0"},
				"east": {"uv": [1, 7.25, 2.5, 7.25], "texture": "#0"},
				"south": {"uv": [0, 7.25, 1, 7.25], "texture": "#0"},
				"west": {"uv": [3.5, 7.25, 5, 7.25], "texture": "#0"},
				"up": {"uv": [2.5, 7.25, 1, 6.25], "rotation": 90, "texture": "#0"},
				"down": {"uv": [2.5, 6.25, 1, 7.25], "rotation": 270, "texture": "#0"}
			}
		},
		{
			"from": [12, 11, 11],
			"to": [16, 14, 11],
			"faces": {
				"north": {"uv": [4.25, 6.5, 3.25, 7.25], "texture": "#0"},
				"east": {"uv": [6.25, 7.25, 6.25, 8], "texture": "#0"},
				"south": {"uv": [3.25, 6.5, 4.25, 7.25], "texture": "#0"},
				"west": {"uv": [7.25, 7.25, 7.25, 8], "texture": "#0"},
				"up": {"uv": [6.25, 7.25, 6.25, 6.25], "rotation": 90, "texture": "#0"},
				"down": {"uv": [6.25, 6.25, 6.25, 7.25], "rotation": 270, "texture": "#0"}
			}
		},
		{
			"name": "cube_outline",
			"from": [3.97, 13.17, 10.17],
			"to": [2.63, 8.83, 5.83],
			"rotation": {"angle": 0, "axis": "y", "origin": [16, 0, 0]},
			"faces": {
				"north": {"uv": [7.25, 7, 7.75, 5.75], "rotation": 180, "texture": "#1"},
				"east": {"uv": [6, 7, 7.25, 5.75], "rotation": 180, "texture": "#1"},
				"south": {"uv": [5.5, 7, 6, 5.75], "rotation": 180, "texture": "#1"},
				"west": {"uv": [7.75, 7, 9, 5.75], "rotation": 180, "texture": "#1"},
				"up": {"uv": [7.75, 7, 7.25, 8.25], "rotation": 180, "texture": "#1"},
				"down": {"uv": [7.25, 8.25, 6.75, 7], "rotation": 180, "texture": "#1"}
			}
		},
		{
			"from": [3, 9, 6],
			"to": [4, 13, 10],
			"rotation": {"angle": 0, "axis": "y", "origin": [16, 0, 0]},
			"faces": {
				"north": {"uv": [1.5, 7.75, 1.25, 8.75], "texture": "#0"},
				"east": {"uv": [2.5, 7.75, 1.5, 8.75], "texture": "#0"},
				"south": {"uv": [0.25, 7.75, 0, 8.75], "texture": "#0"},
				"west": {"uv": [1.25, 7.75, 0.25, 8.75], "texture": "#0"},
				"up": {"uv": [1.25, 7.5, 0.25, 7.75], "rotation": 90, "texture": "#0"},
				"down": {"uv": [2.25, 7.75, 1.25, 7.5], "rotation": 270, "texture": "#0"}
			}
		},
		{
			"from": [0, 11, 5],
			"to": [4, 14, 5],
			"rotation": {"angle": 0, "axis": "y", "origin": [16, 0, 0]},
			"faces": {
				"north": {"uv": [5.75, 6.5, 4.75, 7.25], "texture": "#0"},
				"east": {"uv": [9.25, 6.25, 9.25, 7], "texture": "#0"},
				"south": {"uv": [4.75, 6.5, 5.75, 7.25], "texture": "#0"},
				"west": {"uv": [8.25, 6.25, 8.25, 7], "texture": "#0"},
				"up": {"uv": [8.25, 5.25, 8.25, 6.25], "rotation": 90, "texture": "#0"},
				"down": {"uv": [8.25, 6.25, 8.25, 5.25], "rotation": 270, "texture": "#0"}
			}
		},
		{
			"from": [0, 14, 5],
			"to": [4, 14, 11],
			"rotation": {"angle": 0, "axis": "y", "origin": [16, 0, 0]},
			"faces": {
				"north": {"uv": [3.5, 7.25, 2.5, 7.25], "texture": "#0"},
				"east": {"uv": [5, 7.25, 3.5, 7.25], "texture": "#0"},
				"south": {"uv": [1, 7.25, 0, 7.25], "texture": "#0"},
				"west": {"uv": [2.5, 7.25, 1, 7.25], "texture": "#0"},
				"up": {"uv": [2.5, 6.25, 1, 7.25], "rotation": 90, "texture": "#0"},
				"down": {"uv": [2.5, 7.25, 1, 6.25], "rotation": 270, "texture": "#0"}
			}
		},
		{
			"from": [0, 11, 11],
			"to": [4, 14, 11],
			"rotation": {"angle": 0, "axis": "y", "origin": [16, 0, 0]},
			"faces": {
				"north": {"uv": [3.25, 6.5, 4.25, 7.25], "texture": "#0"},
				"east": {"uv": [7.25, 7.25, 7.25, 8], "texture": "#0"},
				"south": {"uv": [4.25, 6.5, 3.25, 7.25], "texture": "#0"},
				"west": {"uv": [6.25, 7.25, 6.25, 8], "texture": "#0"},
				"up": {"uv": [6.25, 6.25, 6.25, 7.25], "rotation": 90, "texture": "#0"},
				"down": {"uv": [6.25, 7.25, 6.25, 6.25], "rotation": 270, "texture": "#0"}
			}
		},
		{
			"name": "cube_outline",
			"from": [10.17, 13.17, 13.37],
			"to": [5.83, 8.83, 12.03],
			"rotation": {"angle": 0, "axis": "y", "origin": [8, 12.5, 2.75]},
			"faces": {
				"north": {"uv": [8.5, 7.75, 7.25, 6.5], "rotation": 180, "texture": "#1"},
				"east": {"uv": [9, 7.75, 8.5, 6.5], "rotation": 180, "texture": "#1"},
				"south": {"uv": [6.75, 7.75, 5.5, 6.5], "rotation": 180, "texture": "#1"},
				"west": {"uv": [7.25, 7.75, 6.75, 6.5], "rotation": 180, "texture": "#1"},
				"up": {"uv": [7.25, 7.75, 8.5, 8.25], "rotation": 180, "texture": "#1"},
				"down": {"uv": [6, 8.25, 7.25, 7.75], "rotation": 180, "texture": "#1"}
			}
		},
		{
			"from": [6, 9, 12],
			"to": [10, 13, 13],
			"rotation": {"angle": 0, "axis": "y", "origin": [8, 12.5, 2.75]},
			"faces": {
				"north": {"uv": [0.25, 7.75, 1.25, 8.75], "texture": "#0"},
				"east": {"uv": [0, 7.75, 0.25, 8.75], "texture": "#0"},
				"south": {"uv": [1.5, 7.75, 2.5, 8.75], "texture": "#0"},
				"west": {"uv": [1.25, 7.75, 1.5, 8.75], "texture": "#0"},
				"up": {"uv": [1.25, 7.75, 0.25, 7.5], "texture": "#0"},
				"down": {"uv": [2.25, 7.5, 1.25, 7.75], "texture": "#0"}
			}
		},
		{
			"from": [11, 11, 12],
			"to": [11, 14, 16],
			"rotation": {"angle": 0, "axis": "y", "origin": [8, 12.5, 2.75]},
			"faces": {
				"north": {"uv": [9.25, 6.25, 9.25, 7], "texture": "#0"},
				"east": {"uv": [4.75, 6.5, 5.75, 7.25], "texture": "#0"},
				"south": {"uv": [8.25, 6.25, 8.25, 7], "texture": "#0"},
				"west": {"uv": [5.75, 6.5, 4.75, 7.25], "texture": "#0"},
				"up": {"uv": [8.25, 6.25, 8.25, 5.25], "rotation": 180, "texture": "#0"},
				"down": {"uv": [8.25, 5.25, 8.25, 6.25], "rotation": 180, "texture": "#0"}
			}
		},
		{
			"from": [5, 14, 12],
			"to": [11, 14, 16],
			"rotation": {"angle": 0, "axis": "y", "origin": [8, 12.5, 2.75]},
			"faces": {
				"north": {"uv": [3.5, 7.25, 5, 7.25], "texture": "#0"},
				"east": {"uv": [2.5, 7.25, 3.5, 7.25], "texture": "#0"},
				"south": {"uv": [1, 7.25, 2.5, 7.25], "texture": "#0"},
				"west": {"uv": [0, 7.25, 1, 7.25], "texture": "#0"},
				"up": {"uv": [2.5, 7.25, 1, 6.25], "rotation": 180, "texture": "#0"},
				"down": {"uv": [2.5, 6.25, 1, 7.25], "rotation": 180, "texture": "#0"}
			}
		},
		{
			"from": [5, 11, 12],
			"to": [5, 14, 16],
			"rotation": {"angle": 0, "axis": "y", "origin": [8, 12.5, 2.75]},
			"faces": {
				"north": {"uv": [7.25, 7.25, 7.25, 8], "texture": "#0"},
				"east": {"uv": [4.25, 6.5, 3.25, 7.25], "texture": "#0"},
				"south": {"uv": [6.25, 7.25, 6.25, 8], "texture": "#0"},
				"west": {"uv": [3.25, 6.5, 4.25, 7.25], "texture": "#0"},
				"up": {"uv": [6.25, 7.25, 6.25, 6.25], "rotation": 180, "texture": "#0"},
				"down": {"uv": [6.25, 6.25, 6.25, 7.25], "rotation": 180, "texture": "#0"}
			}
		}
	],
	"gui_light": "front",
	"display": {
		"thirdperson_righthand": {
			"rotation": [41, 0, 0],
			"translation": [0, 3, 1],
			"scale": [0.55, 0.55, 0.55]
		},
		"thirdperson_lefthand": {
			"rotation": [41, 0, 0],
			"translation": [0, 3, 1],
			"scale": [0.55, 0.55, 0.55]
		},
		"firstperson_righthand": {
			"rotation": [0, 45, 0],
			"translation": [2, 2, 0],
			"scale": [0.4, 0.4, 0.4]
		},
		"firstperson_lefthand": {
			"rotation": [0, 225, 0],
			"translation": [2, 2, 0],
			"scale": [0.4, 0.4, 0.4]
		},
		"ground": {
			"translation": [0, 2, 0],
			"scale": [0.5, 0.5, 0.5]
		},
		"gui": {
			"rotation": [30, 225, 0],
			"scale": [0.8, 0.8, 0.8]
		},
		"head": {
			"translation": [0, 19.2, 0],
			"scale": [1.6, 1.6, 1.6]
		},
		"fixed": {
			"rotation": [0, 180, 0]
		}
	},
	"groups": [
		{
			"name": "traffic_light",
			"origin": [8, 8, 8],
			"color": 0,
			"children": [
				0,
				{
					"name": "traffic_down_north",
					"origin": [8, 8, 8],
					"color": 0,
					"children": [
						{
							"name": "light_down_north",
							"origin": [0, 0, 0],
							"color": 0,
							"children": [1, 2]
						},
						{
							"name": "cap_down_north",
							"origin": [0, 0, 0],
							"color": 0,
							"children": [3, 4, 5]
						}
					]
				},
				{
					"name": "traffic_down_east",
					"origin": [8, 8, 8],
					"color": 0,
					"children": [
						{
							"name": "light_down_east",
							"origin": [0, 0, 0],
							"color": 0,
							"children": [6, 7]
						},
						{
							"name": "cap_down_east",
							"origin": [0, 0, 0],
							"color": 0,
							"children": [8, 9, 10]
						}
					]
				},
				{
					"name": "traffic_down_west",
					"origin": [8, 8, 8],
					"color": 0,
					"children": [
						{
							"name": "light_down_west",
							"origin": [0, 0, 0],
							"color": 0,
							"children": [11, 12]
						},
						{
							"name": "cap_down_west",
							"origin": [0, 0, 0],
							"color": 0,
							"children": [13, 14, 15]
						}
					]
				},
				{
					"name": "traffic_down_south",
					"origin": [8, 8, 8],
					"color": 0,
					"children": [
						{
							"name": "light_down_south",
							"origin": [0, 0, 0],
							"color": 0,
							"children": [16, 17]
						},
						{
							"name": "cap_down_south",
							"origin": [0, 0, 0],
							"color": 0,
							"children": [18, 19, 20]
						}
					]
				},
				{
					"name": "traffic_up_north",
					"origin": [0, 0, 0],
					"color": 0,
					"children": [
						{
							"name": "light_up_north",
							"origin": [0, 0, 0],
							"color": 0,
							"children": [21, 22]
						},
						{
							"name": "cap_up_north",
							"origin": [0, 0, 0],
							"color": 0,
							"children": [23, 24, 25]
						}
					]
				},
				{
					"name": "traffic_up_east",
					"origin": [0, 0, 0],
					"color": 0,
					"children": [
						{
							"name": "light_up_east",
							"origin": [0, 0, 0],
							"color": 0,
							"children": [26, 27]
						},
						{
							"name": "cap_up_east",
							"origin": [0, 0, 0],
							"color": 0,
							"children": [28, 29, 30]
						}
					]
				},
				{
					"name": "traffic_up_west",
					"origin": [0, 0, 0],
					"color": 0,
					"children": [
						{
							"name": "light_up_west",
							"origin": [0, 0, 0],
							"color": 0,
							"children": [31, 32]
						},
						{
							"name": "cap_up_west",
							"origin": [0, 0, 0],
							"color": 0,
							"children": [33, 34, 35]
						}
					]
				},
				{
					"name": "traffic_up_south",
					"origin": [0, 0, 0],
					"color": 0,
					"children": [
						{
							"name": "light_up_south",
							"origin": [0, 0, 0],
							"color": 0,
							"children": [36, 37]
						},
						{
							"name": "cap_up_south",
							"origin": [0, 0, 0],
							"color": 0,
							"children": [38, 39, 40]
						}
					]
				}
			]
		}
	]
}