{
	"credit": "Made with Blockbench",
	"parent": "block/cube_all",
	"textures": {
		"3": "backrooms:levels/level23_overgrowth/hanging_moss"
	},
	"elements": [
		{
			"from": [0, 0, 8],
			"to": [16, 16, 8],
			"rotation": {"angle": 45, "axis": "y", "origin": [8, -8, 8]},
			"faces": {
				"north": {"uv": [0, 0, 16, 16], "texture": "#3", "cullface": "west"},
				"east": {"uv": [16, 0, 0, 16], "texture": "#3", "cullface": "south"},
				"south": {"uv": [16, 0, 0, 16], "texture": "#3", "cullface": "east"},
				"west": {"uv": [16, 0, 0, 16], "texture": "#3", "cullface": "north"},
				"up": {"uv": [0, 16, 16, 0], "rotation": 90, "texture": "#3", "cullface": "up", "tintindex": 0},
				"down": {"uv": [0, 16, 16, 0], "rotation": 270, "texture": "#3", "cullface": "down"}
			}
		},
		{
			"from": [0, 0, 8],
			"to": [16, 16, 8],
			"rotation": {"angle": -45, "axis": "y", "origin": [8, -8, 8]},
			"faces": {
				"north": {"uv": [16, 0, 0, 16], "texture": "#3", "cullface": "west"},
				"east": {"uv": [0, 0, 16, 16], "texture": "#3", "cullface": "north"},
				"south": {"uv": [0, 0, 16, 16], "texture": "#3", "cullface": "east"},
				"west": {"uv": [0, 0, 16, 16], "texture": "#3", "cullface": "south"},
				"up": {"uv": [0, 0, 16, 16], "rotation": 90, "texture": "#3", "cullface": "up", "tintindex": 0},
				"down": {"uv": [0, 0, 16, 16], "rotation": 270, "texture": "#3", "cullface": "down"}
			}
		}
	],
	"display": {
		"thirdperson_righthand": {
			"rotation": [75, 45, 0],
			"translation": [0, 2.5, 0],
			"scale": [0.375, 0.375, 0.375]
		},
		"firstperson_righthand": {
			"rotation": [0, 45, 0],
			"scale": [0.4, 0.4, 0.4]
		},
		"firstperson_lefthand": {
			"rotation": [0, 225, 0],
			"scale": [0.4, 0.4, 0.4]
		},
		"ground": {
			"translation": [0, 3, 0],
			"scale": [0.25, 0.25, 0.25]
		},
		"gui": {
			"rotation": [30, 225, 0],
			"scale": [0.625, 0.625, 0.625]
		},
		"fixed": {
			"scale": [0.5, 0.5, 0.5]
		}
	},
	"groups": [
		{
			"name": "group",
			"origin": [8, 24, 8],
			"color": 0,
			"children": [0, 1]
		}
	]
}