{
	"credit": "Made with Blockbench",
	"texture_size": [64, 32],
	"textures": {
		"0": "backrooms:cosmetic/hazmat_mask",
		"particle": "backrooms:cosmetic/hazmat_mask"
	},
	"elements": [
		{
			"name": "head",
			"from": [3.25, 7.25, 3.25],
			"to": [12.75, 16.75, 12.75],
			"rotation": {"angle": 0, "axis": "y", "origin": [8, -15, 8]},
			"faces": {
				"north": {"uv": [10, 4.5, 12, 8.5], "texture": "#0"},
				"east": {"uv": [8, 4.5, 10, 8.5], "texture": "#0"},
				"south": {"uv": [14, 4.5, 16, 8.5], "texture": "#0"},
				"west": {"uv": [12, 4.5, 14, 8.5], "texture": "#0"},
				"up": {"uv": [12, 4.5, 10, 0.5], "texture": "#0"},
				"down": {"uv": [14, 0.5, 12, 4.5], "texture": "#0"}
			}
		},
		{
			"name": "head",
			"from": [9.25, 11.25, 2.25],
			"to": [13.75, 16.75, 4.75],
			"rotation": {"angle": -22.5, "axis": "y", "origin": [11.5, 14, 3]},
			"faces": {
				"north": {"uv": [9.5, 9, 10.25, 11], "texture": "#0"},
				"east": {"uv": [9.25, 9, 9.5, 11], "texture": "#0"},
				"south": {"uv": [10.5, 9, 11.25, 11], "texture": "#0"},
				"west": {"uv": [10.25, 9, 10.5, 11], "texture": "#0"},
				"up": {"uv": [10.25, 9, 9.5, 8.5], "texture": "#0"},
				"down": {"uv": [11, 8.5, 10.25, 9], "texture": "#0"}
			}
		},
		{
			"name": "head",
			"from": [2.25, 11.25, 2.25],
			"to": [6.75, 16.75, 4.75],
			"rotation": {"angle": 22.5, "axis": "y", "origin": [4.5, 14, 3]},
			"faces": {
				"north": {"uv": [10.25, 9, 9.5, 11], "texture": "#0"},
				"east": {"uv": [10.5, 9, 10.25, 11], "texture": "#0"},
				"south": {"uv": [11.25, 9, 10.5, 11], "texture": "#0"},
				"west": {"uv": [9.5, 9, 9.25, 11], "texture": "#0"},
				"up": {"uv": [9.5, 9, 10.25, 8.5], "texture": "#0"},
				"down": {"uv": [10.25, 8.5, 11, 9], "texture": "#0"}
			}
		},
		{
			"name": "head",
			"from": [9.54918, 7.24, 0.78068],
			"to": [14.06918, 11.76, 5.30068],
			"rotation": {"angle": 45, "axis": "y", "origin": [13.80918, 9, 2.54068]},
			"faces": {
				"north": {"uv": [0.75, 10, 1.5, 11.5], "texture": "#0"},
				"east": {"uv": [0, 10, 0.75, 11.5], "texture": "#0"},
				"south": {"uv": [2.25, 10, 3, 11.5], "texture": "#0"},
				"west": {"uv": [1.5, 10, 2.25, 11.5], "texture": "#0"},
				"up": {"uv": [1.5, 10, 0.75, 8.5], "texture": "#0"},
				"down": {"uv": [2.25, 8.5, 1.5, 10], "texture": "#0"}
			}
		},
		{
			"name": "head",
			"from": [1.93082, 7.24, 0.78068],
			"to": [6.45082, 11.76, 5.30068],
			"rotation": {"angle": -45, "axis": "y", "origin": [2.19082, 9, 2.54068]},
			"faces": {
				"north": {"uv": [1.5, 10, 0.75, 11.5], "texture": "#0"},
				"east": {"uv": [2.25, 10, 1.5, 11.5], "texture": "#0"},
				"south": {"uv": [3, 10, 2.25, 11.5], "texture": "#0"},
				"west": {"uv": [0.75, 10, 0, 11.5], "texture": "#0"},
				"up": {"uv": [0.75, 10, 1.5, 8.5], "texture": "#0"},
				"down": {"uv": [1.5, 8.5, 2.25, 10], "texture": "#0"}
			}
		},
		{
			"name": "head",
			"from": [5.18918, 7.23, 0.77068],
			"to": [10.72918, 12.77, 6.31068],
			"rotation": {"angle": 0, "axis": "y", "origin": [13.80918, 9, 2.54068]},
			"faces": {
				"north": {"uv": [5, 10.5, 6, 12.5], "texture": "#0"},
				"east": {"uv": [4, 10.5, 5, 12.5], "texture": "#0"},
				"south": {"uv": [7, 10.5, 8, 12.5], "texture": "#0"},
				"west": {"uv": [6, 10.5, 7, 12.5], "texture": "#0"},
				"up": {"uv": [6, 10.5, 5, 8.5], "texture": "#0"},
				"down": {"uv": [7, 8.5, 6, 10.5], "texture": "#0"}
			}
		},
		{
			"name": "head",
			"from": [3, 7, 3],
			"to": [13, 18, 13],
			"rotation": {"angle": 0, "axis": "y", "origin": [8, -15, 8]},
			"faces": {
				"north": {"uv": [2, 4, 4, 8.5], "texture": "#0"},
				"east": {"uv": [0, 4, 2, 8.5], "texture": "#0"},
				"south": {"uv": [6, 4, 8, 8.5], "texture": "#0"},
				"west": {"uv": [4, 4, 6, 8.5], "texture": "#0"},
				"up": {"uv": [4, 4.05, 2, 0.05], "texture": "#0"},
				"down": {"uv": [6, 0, 4, 4], "texture": "#0"}
			}
		}
	],
	"gui_light": "front",
	"display": {
		"thirdperson_righthand": {
			"rotation": [75, 45, 0],
			"translation": [0, 1, 0],
			"scale": [0.4, 0.4, 0.4]
		},
		"thirdperson_lefthand": {
			"rotation": [75, 45, 0],
			"translation": [0, 1, 0],
			"scale": [0.4, 0.4, 0.4]
		},
		"firstperson_righthand": {
			"rotation": [0, 48.25, 0],
			"translation": [3.5, 0, 0],
			"scale": [0.5, 0.5, 0.5]
		},
		"firstperson_lefthand": {
			"rotation": [0, 59.25, 0],
			"translation": [3.25, 0, 0],
			"scale": [0.5, 0.5, 0.5]
		},
		"ground": {
			"translation": [0, 2, 0],
			"scale": [0.5, 0.5, 0.5]
		},
		"gui": {
			"rotation": [-180, 0, -180],
			"translation": [0, -4.25, 0]
		},
		"head": {
			"translation": [0, -6.25, 0],
			"scale": [1.6, 1.6, 1.6]
		},
		"fixed": {
			"rotation": [-90, 0, 0],
			"translation": [0, 2.25, -1.5],
			"scale": [2.1, 2.1, 2.1]
		}
	},
	"groups": [
		{
			"name": "head",
			"origin": [8, 24, 8],
			"color": 0,
			"children": [0, 1, 2, 3, 4, 5, 6]
		}
	]
}