{"textures":{"0":"modelengine:entity/bozo"},"elements":[{"from":[5.5,8.5,6.0],"to":[10.5,19.5,10.0],"faces":{"east":{"uv":[4.75,8.75,5.25,10.125],"tintindex":0,"rotation":0,"texture":"#0"},"south":{"uv":[6.375,8.75,7.0,10.125],"tintindex":0,"rotation":0,"texture":"#0"},"north":{"uv":[5.25,8.75,5.875,10.125],"tintindex":0,"rotation":0,"texture":"#0"},"west":{"uv":[5.875,8.75,6.375,10.125],"tintindex":0,"rotation":0,"texture":"#0"},"up":{"uv":[5.875,8.75,5.25,8.25],"tintindex":0,"rotation":0,"texture":"#0"},"down":{"uv":[6.5,8.25,5.875,8.75],"tintindex":0,"rotation":0,"texture":"#0"}}}],"display":{"gui":{"rotation":[30,225,0]}}}