{"textures":{"0":"modelengine:entity/bozo"},"elements":[{"from":[5.5,8.25,6.0],"to":[10.5,25.25,10.0],"faces":{"east":{"uv":[0.0,6.375,0.5,8.5],"tintindex":0,"rotation":0,"texture":"#0"},"south":{"uv":[1.625,6.375,2.25,8.5],"tintindex":0,"rotation":0,"texture":"#0"},"north":{"uv":[0.5,6.375,1.125,8.5],"tintindex":0,"rotation":0,"texture":"#0"},"west":{"uv":[1.125,6.375,1.625,8.5],"tintindex":0,"rotation":0,"texture":"#0"},"up":{"uv":[1.125,6.375,0.5,5.875],"tintindex":0,"rotation":0,"texture":"#0"},"down":{"uv":[1.75,5.875,1.125,6.375],"tintindex":0,"rotation":0,"texture":"#0"}}},{"from":[5.5,25.25,10.0],"to":[10.5,29.25,10.0],"faces":{"south":{"uv":[9.25,5.375,9.875,5.875],"tintindex":0,"rotation":0,"texture":"#0"},"north":{"uv":[8.625,5.375,9.25,5.875],"tintindex":0,"rotation":0,"texture":"#0"}}}],"display":{"gui":{"rotation":[30,225,0]}}}