{"textures":{"0":"modelengine:entity/bozo"},"elements":[{"from":[17.0,5.5,13.0],"to":[21.0,10.5,13.0],"faces":{"south":{"uv":[7.625,5.125,8.125,5.75],"tintindex":0,"rotation":0,"texture":"#0"},"north":{"uv":[7.125,5.125,7.625,5.75],"tintindex":0,"rotation":0,"texture":"#0"}}},{"from":[8.0,5.5,8.0],"to":[17.0,10.5,13.0],"faces":{"east":{"uv":[2.375,6.5,3.0,7.125],"tintindex":0,"rotation":0,"texture":"#0"},"south":{"uv":[4.75,6.5,5.875,7.125],"tintindex":0,"rotation":0,"texture":"#0"},"north":{"uv":[3.0,6.5,4.125,7.125],"tintindex":0,"rotation":0,"texture":"#0"},"west":{"uv":[4.125,6.5,4.75,7.125],"tintindex":0,"rotation":0,"texture":"#0"},"up":{"uv":[4.125,6.5,3.0,5.875],"tintindex":0,"rotation":0,"texture":"#0"},"down":{"uv":[5.25,5.875,4.125,6.5],"tintindex":0,"rotation":0,"texture":"#0"}}}],"display":{"gui":{"rotation":[30,225,0]}}}