{"textures":{"0":"modelengine:entity/bozo"},"elements":[{"from":[5.5,7.5,6.0],"to":[10.5,20.5,10.0],"faces":{"east":{"uv":[4.0,7.75,3.5,9.375],"tintindex":0,"rotation":0,"texture":"#0"},"south":{"uv":[4.625,7.75,4.0,9.375],"tintindex":0,"rotation":0,"texture":"#0"},"north":{"uv":[3.5,7.75,2.875,9.375],"tintindex":0,"rotation":0,"texture":"#0"},"west":{"uv":[2.875,7.75,2.375,9.375],"tintindex":0,"rotation":0,"texture":"#0"},"up":{"uv":[2.875,7.75,3.5,7.25],"tintindex":0,"rotation":0,"texture":"#0"},"down":{"uv":[3.5,7.25,4.125,7.75],"tintindex":0,"rotation":0,"texture":"#0"}}}],"display":{"gui":{"rotation":[30,225,0]}}}