{"textures":{"0":"modelengine:entity/bozo"},"elements":[{"from":[5.5,8.0,6.0],"to":[10.5,20.0,10.0],"faces":{"east":{"uv":[9.5,8.25,9.0,9.75],"tintindex":0,"rotation":0,"texture":"#0"},"south":{"uv":[10.125,8.25,9.5,9.75],"tintindex":0,"rotation":0,"texture":"#0"},"north":{"uv":[9.0,8.25,8.375,9.75],"tintindex":0,"rotation":0,"texture":"#0"},"west":{"uv":[8.375,8.25,7.875,9.75],"tintindex":0,"rotation":0,"texture":"#0"},"up":{"uv":[8.375,8.25,9.0,7.75],"tintindex":0,"rotation":0,"texture":"#0"},"down":{"uv":[9.0,7.75,9.625,8.25],"tintindex":0,"rotation":0,"texture":"#0"}}}],"display":{"gui":{"rotation":[30,225,0]}}}