{"textures":{"0":"modelengine:entity/bozo"},"elements":[{"from":[6.0,22.0,10.0],"to":[11.0,26.0,10.0],"faces":{"south":{"uv":[8.375,4.5,7.75,5.0],"tintindex":0,"rotation":0,"texture":"#0"},"north":{"uv":[7.75,4.5,7.125,5.0],"tintindex":0,"rotation":0,"texture":"#0"}}},{"from":[6.0,8.0,6.0],"to":[11.0,22.0,10.0],"faces":{"east":{"uv":[7.625,6.375,7.125,8.125],"tintindex":0,"rotation":0,"texture":"#0"},"south":{"uv":[8.25,6.375,7.625,8.125],"tintindex":0,"rotation":0,"texture":"#0"},"north":{"uv":[7.125,6.375,6.5,8.125],"tintindex":0,"rotation":0,"texture":"#0"},"west":{"uv":[6.5,6.375,6.0,8.125],"tintindex":0,"rotation":0,"texture":"#0"},"up":{"uv":[6.5,6.375,7.125,5.875],"tintindex":0,"rotation":0,"texture":"#0"},"down":{"uv":[7.125,5.875,7.75,6.375],"tintindex":0,"rotation":0,"texture":"#0"}}}],"display":{"gui":{"rotation":[30,225,0]}}}