{"textures":{"0":"modelengine:entity/bozo"},"elements":[{"from":[5.5,8.0,6.0],"to":[10.5,20.0,10.0],"faces":{"east":{"uv":[9.0,0.5,8.5,2.0],"tintindex":0,"rotation":0,"texture":"#0"},"south":{"uv":[9.625,0.5,9.0,2.0],"tintindex":0,"rotation":0,"texture":"#0"},"north":{"uv":[8.5,0.5,7.875,2.0],"tintindex":0,"rotation":0,"texture":"#0"},"west":{"uv":[7.875,0.5,7.375,2.0],"tintindex":0,"rotation":0,"texture":"#0"},"up":{"uv":[7.875,0.5,8.5,0.0],"tintindex":0,"rotation":0,"texture":"#0"},"down":{"uv":[8.5,0.0,9.125,0.5],"tintindex":0,"rotation":0,"texture":"#0"}}},{"from":[5.5,20.0,10.0],"to":[10.5,24.0,10.0],"faces":{"south":{"uv":[9.875,4.5,9.25,5.0],"tintindex":0,"rotation":0,"texture":"#0"},"north":{"uv":[9.25,4.5,8.625,5.0],"tintindex":0,"rotation":0,"texture":"#0"}}}],"display":{"gui":{"rotation":[30,225,0]}}}