{"textures":{"0":"modelengine:entity/lifeformfellow"},"elements":[{"from":[6.0956,6.028599,8.001493],"to":[10.0956,11.028599,8.001493],"faces":{"south":{"uv":[1.5,9.5,0.5,10.75],"tintindex":0,"rotation":0,"texture":"#0"},"north":{"uv":[0.5,9.5,1.5,10.75],"tintindex":0,"rotation":0,"texture":"#0"}}},{"from":[0.09559965,17.028599,3.001493],"to":[6.0956,21.028599,13.001493],"faces":{"east":{"uv":[0.0,11.5,2.5,12.5],"tintindex":0,"rotation":0,"texture":"#0"},"south":{"uv":[6.5,11.5,8.0,12.5],"tintindex":0,"rotation":0,"texture":"#0"},"north":{"uv":[2.5,11.5,4.0,12.5],"tintindex":0,"rotation":0,"texture":"#0"},"west":{"uv":[4.0,11.5,6.5,12.5],"tintindex":0,"rotation":0,"texture":"#0"},"up":{"uv":[4.0,11.5,2.5,9.0],"tintindex":0,"rotation":0,"texture":"#0"},"down":{"uv":[5.5,9.0,4.0,11.5],"tintindex":0,"rotation":0,"texture":"#0"}}},{"from":[2.0956001,11.028599,4.001493],"to":[14.0956,20.028599,12.001493],"faces":{"east":{"uv":[0.0,2.0,2.0,4.25],"tintindex":0,"rotation":0,"texture":"#0"},"south":{"uv":[7.0,2.0,10.0,4.25],"tintindex":0,"rotation":0,"texture":"#0"},"north":{"uv":[2.0,2.0,5.0,4.25],"tintindex":0,"rotation":0,"texture":"#0"},"west":{"uv":[5.0,2.0,7.0,4.25],"tintindex":0,"rotation":0,"texture":"#0"},"up":{"uv":[5.0,2.0,2.0,0.0],"tintindex":0,"rotation":0,"texture":"#0"},"down":{"uv":[8.0,0.0,5.0,2.0],"tintindex":0,"rotation":0,"texture":"#0"}}},{"from":[14.0956,16.028599,4.001493],"to":[16.0956,20.028599,12.001493],"faces":{"east":{"uv":[0.25,15.0,2.25,16.0],"tintindex":0,"rotation":0,"texture":"#0"},"south":{"uv":[4.75,15.0,5.25,16.0],"tintindex":0,"rotation":0,"texture":"#0"},"north":{"uv":[2.25,15.0,2.75,16.0],"tintindex":0,"rotation":0,"texture":"#0"},"west":{"uv":[2.75,15.0,4.75,16.0],"tintindex":0,"rotation":0,"texture":"#0"},"up":{"uv":[2.75,15.0,2.25,13.0],"tintindex":0,"rotation":0,"texture":"#0"},"down":{"uv":[3.25,13.0,2.75,15.0],"tintindex":0,"rotation":0,"texture":"#0"}}},{"from":[6.0956,17.028599,5.001493],"to":[12.0956,23.028599,10.001493],"faces":{"east":{"uv":[10.25,1.25,11.5,2.75],"tintindex":0,"rotation":0,"texture":"#0"},"south":{"uv":[14.25,1.25,15.75,2.75],"tintindex":0,"rotation":0,"texture":"#0"},"north":{"uv":[11.5,1.25,13.0,2.75],"tintindex":0,"rotation":0,"texture":"#0"},"west":{"uv":[13.0,1.25,14.25,2.75],"tintindex":0,"rotation":0,"texture":"#0"},"up":{"uv":[13.0,1.25,11.5,0.0],"tintindex":0,"rotation":0,"texture":"#0"},"down":{"uv":[14.5,0.0,13.0,1.25],"tintindex":0,"rotation":0,"texture":"#0"}}},{"from":[-2.9044008,14.028599,1.001493],"to":[3.0956001,14.028599,8.001493],"faces":{"up":{"uv":[7.25,11.25,5.75,9.5],"tintindex":0,"rotation":0,"texture":"#0"},"down":{"uv":[7.25,9.5,5.75,11.25],"tintindex":0,"rotation":0,"texture":"#0"}},"rotation":{"origin":[1.0956001,13.028599,6.501493],"angle":-45.0,"axis":"y"}},{"from":[12.108114,13.028599,11.965916],"to":[18.108114,13.028599,17.965916],"faces":{"up":{"uv":[9.525,1.5,8.025,0.0],"tintindex":0,"rotation":0,"texture":"#0"},"down":{"uv":[9.525,0.0,8.025,1.5],"tintindex":0,"rotation":0,"texture":"#0"}},"rotation":{"origin":[18.108114,13.028599,12.465916],"angle":-45.0,"axis":"y"}}],"display":{"gui":{"rotation":[30,225,0]}}}