{"textures":{"0":"modelengine:entity/lifeformfellow"},"elements":[{"from":[6.0,-8.0,3.0],"to":[11.0,-8.0,8.0],"faces":{"up":{"uv":[16.0,9.25,14.75,8.0],"tintindex":0,"rotation":0,"texture":"#0"},"down":{"uv":[16.0,8.0,14.75,9.25],"tintindex":0,"rotation":0,"texture":"#0"}}},{"from":[4.0,-8.0,8.0],"to":[11.0,8.0,8.0],"faces":{"south":{"uv":[12.75,6.25,14.5,10.25],"tintindex":0,"rotation":0,"texture":"#0"},"north":{"uv":[12.75,6.25,14.5,10.25],"tintindex":0,"rotation":0,"texture":"#0"}}}],"display":{"gui":{"rotation":[30,225,0]}}}