{"textures":{"0":"modelengine:entity/lifeformfellow"},"elements":[{"from":[7.78806,-5.358659,8.0],"to":[12.78806,1.6413412,8.0],"faces":{"south":{"uv":[15.25,2.75,12.75,6.25],"tintindex":0,"rotation":0,"texture":"#0"},"north":{"uv":[12.75,2.75,15.25,6.25],"tintindex":0,"rotation":0,"texture":"#0"}}},{"from":[7.78806,1.6413412,7.0],"to":[9.28806,8.141341,9.0],"faces":{"east":{"uv":[0.0,5.5,1.0,8.75],"tintindex":0,"rotation":0,"texture":"#0"},"south":{"uv":[2.75,5.5,3.5,8.75],"tintindex":0,"rotation":0,"texture":"#0"},"north":{"uv":[1.0,5.5,1.75,8.75],"tintindex":0,"rotation":0,"texture":"#0"},"west":{"uv":[1.75,5.5,2.75,8.75],"tintindex":0,"rotation":0,"texture":"#0"},"up":{"uv":[1.75,5.5,1.0,4.5],"tintindex":0,"rotation":0,"texture":"#0"},"down":{"uv":[2.5,4.5,1.75,5.5],"tintindex":0,"rotation":0,"texture":"#0"}}}],"display":{"gui":{"rotation":[30,225,0]}}}