{"textures":{"0":"modelengine:entity/lifeformfellow"},"elements":[{"from":[5.5,-8.0,8.0],"to":[10.5,8.0,8.0],"faces":{"south":{"uv":[15.75,9.5,14.5,13.5],"tintindex":0,"rotation":0,"texture":"#0"},"north":{"uv":[14.5,9.5,15.75,13.5],"tintindex":0,"rotation":0,"texture":"#0"}}},{"from":[5.5,-8.0,3.0],"to":[10.5,-8.0,8.0],"faces":{"up":{"uv":[16.0,7.75,14.75,6.5],"tintindex":0,"rotation":0,"texture":"#0"},"down":{"uv":[16.0,6.5,14.75,7.75],"tintindex":0,"rotation":0,"texture":"#0"}}}],"display":{"gui":{"rotation":[30,225,0]}}}