{"textures":{"0":"modelengine:entity/lifeformfellow"},"elements":[{"from":[7.5761204,-9.717316,8.0],"to":[9.57612,-3.7173157,8.0],"faces":{"south":{"uv":[0.5,0.0,0.0,1.5],"tintindex":0,"rotation":0,"texture":"#0"},"north":{"uv":[0.0,0.0,0.5,1.5],"tintindex":0,"rotation":0,"texture":"#0"}}},{"from":[9.57612,-2.7173157,8.0],"to":[14.57612,6.2826843,8.0],"faces":{"south":{"uv":[14.0,10.25,12.75,12.5],"tintindex":0,"rotation":0,"texture":"#0"},"north":{"uv":[12.75,10.25,14.0,12.5],"tintindex":0,"rotation":0,"texture":"#0"}}},{"from":[6.5731206,-3.7203157,5.997],"to":[9.579121,9.285685,10.003],"faces":{"east":{"uv":[3.5,5.5,4.5,8.75],"tintindex":0,"rotation":0,"texture":"#0"},"south":{"uv":[6.25,5.5,7.0,8.75],"tintindex":0,"rotation":0,"texture":"#0"},"north":{"uv":[4.5,5.5,5.25,8.75],"tintindex":0,"rotation":0,"texture":"#0"},"west":{"uv":[5.25,5.5,6.25,8.75],"tintindex":0,"rotation":0,"texture":"#0"},"up":{"uv":[5.25,5.5,4.5,4.5],"tintindex":0,"rotation":0,"texture":"#0"},"down":{"uv":[6.0,4.5,5.25,5.5],"tintindex":0,"rotation":0,"texture":"#0"}}}],"display":{"gui":{"rotation":[30,225,0]}}}