{"textures":{"0":"modelengine:entity/lifeformfellow"},"elements":[{"from":[4.0,-2.0,7.0],"to":[18.0,24.0,7.0],"faces":{"south":{"uv":[10.75,4.5,7.25,11.0],"tintindex":0,"rotation":0,"texture":"#0"},"north":{"uv":[7.25,4.5,10.75,11.0],"tintindex":0,"rotation":0,"texture":"#0"}}},{"from":[4.0,-5.0,5.0],"to":[16.0,-2.0,9.0],"faces":{"east":{"uv":[6.75,13.5,7.75,14.25],"tintindex":0,"rotation":0,"texture":"#0"},"south":{"uv":[11.75,13.5,14.75,14.25],"tintindex":0,"rotation":0,"texture":"#0"},"north":{"uv":[7.75,13.5,10.75,14.25],"tintindex":0,"rotation":0,"texture":"#0"},"west":{"uv":[10.75,13.5,11.75,14.25],"tintindex":0,"rotation":0,"texture":"#0"},"up":{"uv":[10.75,13.5,7.75,12.5],"tintindex":0,"rotation":0,"texture":"#0"},"down":{"uv":[13.75,12.5,10.75,13.5],"tintindex":0,"rotation":0,"texture":"#0"}}},{"from":[1.9999995,24.0,5.0],"to":[16.0,27.0,9.0],"faces":{"east":{"uv":[6.75,15.25,7.75,16.0],"tintindex":0,"rotation":0,"texture":"#0"},"south":{"uv":[12.25,15.25,15.75,16.0],"tintindex":0,"rotation":0,"texture":"#0"},"north":{"uv":[7.75,15.25,11.25,16.0],"tintindex":0,"rotation":0,"texture":"#0"},"west":{"uv":[11.25,15.25,12.25,16.0],"tintindex":0,"rotation":0,"texture":"#0"},"up":{"uv":[11.25,15.25,7.75,14.25],"tintindex":0,"rotation":0,"texture":"#0"},"down":{"uv":[14.75,14.25,11.25,15.25],"tintindex":0,"rotation":0,"texture":"#0"}}}],"display":{"gui":{"rotation":[30,225,0]}}}