{
	"credit": "Made with Blockbench",
	"texture_size": [64, 64],
	"textures": {
		"0": "backrooms:decoration/pylon",
		"particle": "backrooms:decoration/pylon"
	},
	"elements": [
		{
			"from": [2, 0.1, 2],
			"to": [14, 0.1, 14],
			"faces": {
				"north": {"uv": [3, 3, 6, 3], "texture": "#0"},
				"east": {"uv": [0, 3, 3, 3], "texture": "#0"},
				"south": {"uv": [9, 3, 12, 3], "texture": "#0"},
				"west": {"uv": [6, 3, 9, 3], "texture": "#0"},
				"up": {"uv": [6, 3, 3, 0], "texture": "#0"},
				"down": {"uv": [9, 0, 6, 3], "texture": "#0"}
			}
		},
		{
			"from": [4, 0.1, 4],
			"to": [12, 2.1, 12],
			"rotation": {"angle": 0, "axis": "y", "origin": [8, 1.1, 8]},
			"faces": {
				"north": {"uv": [2, 5.25, 4, 5.75], "texture": "#0"},
				"east": {"uv": [0, 5.25, 2, 5.75], "texture": "#0"},
				"south": {"uv": [6, 5.25, 8, 5.75], "texture": "#0"},
				"west": {"uv": [4, 5.25, 6, 5.75], "texture": "#0"},
				"up": {"uv": [4, 5.25, 2, 3.25], "texture": "#0"},
				"down": {"uv": [6, 3.25, 4, 5.25], "texture": "#0"}
			}
		},
		{
			"from": [5, 2.1, 5],
			"to": [11, 8.1, 11],
			"rotation": {"angle": 0, "axis": "y", "origin": [8, 1.1, 8]},
			"faces": {
				"north": {"uv": [1.5, 7.5, 3, 9], "texture": "#0"},
				"east": {"uv": [0, 7.5, 1.5, 9], "texture": "#0"},
				"south": {"uv": [4.5, 7.5, 6, 9], "texture": "#0"},
				"west": {"uv": [3, 7.5, 4.5, 9], "texture": "#0"},
				"up": {"uv": [3, 7.5, 1.5, 6], "texture": "#0"},
				"down": {"uv": [4.5, 6, 3, 7.5], "texture": "#0"}
			}
		},
		{
			"from": [6, 8.1, 6],
			"to": [10, 13.1, 10],
			"rotation": {"angle": 0, "axis": "y", "origin": [8, 1.1, 8]},
			"faces": {
				"north": {"uv": [7.25, 7, 8.25, 8.25], "texture": "#0"},
				"east": {"uv": [6.25, 7, 7.25, 8.25], "texture": "#0"},
				"south": {"uv": [9.25, 7, 10.25, 8.25], "texture": "#0"},
				"west": {"uv": [8.25, 7, 9.25, 8.25], "texture": "#0"},
				"up": {"uv": [8.25, 7, 7.25, 6], "texture": "#0"},
				"down": {"uv": [9.25, 6, 8.25, 7], "texture": "#0"}
			}
		}
	],
	"display": {
		"thirdperson_righthand": {
			"rotation": [41, 0, 0],
			"translation": [0, 3, 1],
			"scale": [0.55, 0.55, 0.55]
		},
		"thirdperson_lefthand": {
			"rotation": [41, 0, 0],
			"translation": [0, 3, 1],
			"scale": [0.55, 0.55, 0.55]
		},
		"firstperson_righthand": {
			"rotation": [0, 45, 0],
			"translation": [4, 2, 0],
			"scale": [0.4, 0.4, 0.4]
		},
		"firstperson_lefthand": {
			"rotation": [0, 225, 0],
			"translation": [4, 2, 0],
			"scale": [0.4, 0.4, 0.4]
		},
		"ground": {
			"translation": [0, 2, 0],
			"scale": [0.5, 0.5, 0.5]
		},
		"gui": {
			"rotation": [30, 225, 0],
			"translation": [0, 2, 0],
			"scale": [0.9, 0.9, 0.9]
		},
		"head": {
			"translation": [0, 19.95, 0],
			"scale": [1.6, 1.6, 1.6]
		},
		"fixed": {
			"rotation": [0, 180, 0]
		}
	}
}