{"textures":{"0":"modelengine:entity/direbat"},"elements":[{"from":[0.5,2.5,1.5],"to":[15.5,13.5,14.5],"faces":{"east":{"uv":[1.75,3.375,3.375,4.75],"tintindex":0,"rotation":0,"texture":"#0"},"south":{"uv":[6.875,3.375,8.75,4.75],"tintindex":0,"rotation":0,"texture":"#0"},"north":{"uv":[3.375,3.375,5.25,4.75],"tintindex":0,"rotation":0,"texture":"#0"},"west":{"uv":[5.25,3.375,6.875,4.75],"tintindex":0,"rotation":0,"texture":"#0"},"up":{"uv":[5.25,3.375,3.375,1.75],"tintindex":0,"rotation":0,"texture":"#0"},"down":{"uv":[7.125,1.75,5.25,3.375],"tintindex":0,"rotation":0,"texture":"#0"}}}],"display":{"gui":{"rotation":[30,225,0]}}}