{"textures":{"0":"modelengine:entity/direbat"},"elements":[{"from":[4.5,-0.5,-1.5714283],"to":[6.5,3.5,-1.5714283],"faces":{"south":{"uv":[0.625,4.25,0.375,4.75],"tintindex":0,"rotation":0,"texture":"#0"},"north":{"uv":[0.375,4.25,0.625,4.75],"tintindex":0,"rotation":0,"texture":"#0"}}},{"from":[3.5,2.5,-2.5714283],"to":[12.5,7.5,0.4285717],"faces":{"east":{"uv":[0.0,2.375,0.375,3.0],"tintindex":0,"rotation":0,"texture":"#0"},"south":{"uv":[1.875,2.375,3.0,3.0],"tintindex":0,"rotation":0,"texture":"#0"},"north":{"uv":[0.375,2.375,1.5,3.0],"tintindex":0,"rotation":0,"texture":"#0"},"west":{"uv":[1.5,2.375,1.875,3.0],"tintindex":0,"rotation":0,"texture":"#0"},"up":{"uv":[1.5,2.375,0.375,2.0],"tintindex":0,"rotation":0,"texture":"#0"},"down":{"uv":[2.625,2.0,1.5,2.375],"tintindex":0,"rotation":0,"texture":"#0"}}},{"from":[10.5,5.5,4.4285717],"to":[25.5,25.5,4.4285717],"faces":{"south":{"uv":[8.25,8.125,6.375,10.625],"tintindex":0,"rotation":0,"texture":"#0"},"north":{"uv":[8.25,5.25,6.375,7.75],"tintindex":0,"rotation":0,"texture":"#0"}}},{"from":[9.5,-0.5,-1.5714283],"to":[11.5,3.5,-1.5714283],"faces":{"south":{"uv":[0.375,4.25,0.625,4.75],"tintindex":0,"rotation":0,"texture":"#0"},"north":{"uv":[0.625,4.25,0.375,4.75],"tintindex":0,"rotation":0,"texture":"#0"}}},{"from":[-9.5,5.5,4.4285717],"to":[5.5,25.5,4.4285717],"faces":{"south":{"uv":[6.375,8.125,8.25,10.625],"tintindex":0,"rotation":0,"texture":"#0"},"north":{"uv":[6.375,5.25,8.25,7.75],"tintindex":0,"rotation":0,"texture":"#0"}}},{"from":[1.5,2.5,0.4285717],"to":[14.5,14.5,9.428572],"faces":{"east":{"uv":[0.375,6.75,1.5,8.25],"tintindex":0,"rotation":0,"texture":"#0"},"south":{"uv":[4.25,6.75,5.875,8.25],"tintindex":0,"rotation":0,"texture":"#0"},"north":{"uv":[1.5,6.75,3.125,8.25],"tintindex":0,"rotation":0,"texture":"#0"},"west":{"uv":[3.125,6.75,4.25,8.25],"tintindex":0,"rotation":0,"texture":"#0"},"up":{"uv":[3.125,6.75,1.5,5.625],"tintindex":0,"rotation":0,"texture":"#0"},"down":{"uv":[4.75,5.625,3.125,6.75],"tintindex":0,"rotation":0,"texture":"#0"}}}],"display":{"gui":{"rotation":[30,225,0]}}}