{"textures":{"0":"modelengine:entity/direbat"},"elements":[{"from":[7.25,7.0,-1.75],"to":[8.75,8.0,9.75],"faces":{"east":{"uv":[5.875,14.0,8.75,14.25],"tintindex":0,"rotation":0,"texture":"#0"},"south":{"uv":[12.0,14.0,12.375,14.25],"tintindex":0,"rotation":0,"texture":"#0"},"north":{"uv":[8.75,14.0,9.125,14.25],"tintindex":0,"rotation":0,"texture":"#0"},"west":{"uv":[9.125,14.0,12.0,14.25],"tintindex":0,"rotation":0,"texture":"#0"},"up":{"uv":[9.125,14.0,8.75,11.125],"tintindex":0,"rotation":0,"texture":"#0"},"down":{"uv":[9.5,11.125,9.125,14.0],"tintindex":0,"rotation":0,"texture":"#0"}}},{"from":[-8.25,7.5,-4.75],"to":[8.75,7.5,18.25],"faces":{"up":{"uv":[0.125,10.125,4.375,15.875],"tintindex":0,"rotation":0,"texture":"#0"},"down":{"uv":[0.125,15.875,4.375,10.125],"tintindex":0,"rotation":0,"texture":"#0"}}}],"display":{"gui":{"rotation":[30,225,0]}}}