{"textures":{"0":"modelengine:entity/direbat"},"elements":[{"from":[3.5,2.553936,14.42042],"to":[8.5,8.553936,17.42042],"faces":{"east":{"uv":[7.25,2.0,7.625,2.75],"tintindex":0,"rotation":0,"texture":"#0"},"south":{"uv":[8.625,2.0,9.25,2.75],"tintindex":0,"rotation":0,"texture":"#0"},"north":{"uv":[7.625,2.0,8.25,2.75],"tintindex":0,"rotation":0,"texture":"#0"},"west":{"uv":[8.25,2.0,8.625,2.75],"tintindex":0,"rotation":0,"texture":"#0"},"up":{"uv":[8.25,2.0,7.625,1.625],"tintindex":0,"rotation":0,"texture":"#0"},"down":{"uv":[8.875,1.625,8.25,2.0],"tintindex":0,"rotation":0,"texture":"#0"}}},{"from":[4.5,5.553936,5.4204197],"to":[8.5,11.553936,14.42042],"faces":{"east":{"uv":[0.0,1.125,1.125,1.875],"tintindex":0,"rotation":0,"texture":"#0"},"south":{"uv":[2.75,1.125,3.25,1.875],"tintindex":0,"rotation":0,"texture":"#0"},"north":{"uv":[1.125,1.125,1.625,1.875],"tintindex":0,"rotation":0,"texture":"#0"},"west":{"uv":[1.625,1.125,2.75,1.875],"tintindex":0,"rotation":0,"texture":"#0"},"up":{"uv":[1.625,1.125,1.125,0.0],"tintindex":0,"rotation":0,"texture":"#0"},"down":{"uv":[2.125,0.0,1.625,1.125],"tintindex":0,"rotation":0,"texture":"#0"}}}],"display":{"gui":{"rotation":[30,225,0]}}}