{"textures":{"0":"modelengine:entity/direbat"},"elements":[{"from":[7.5,2.553936,14.42042],"to":[12.5,8.553936,17.42042],"faces":{"east":{"uv":[8.625,2.0,8.25,2.75],"tintindex":0,"rotation":0,"texture":"#0"},"south":{"uv":[9.25,2.0,8.625,2.75],"tintindex":0,"rotation":0,"texture":"#0"},"north":{"uv":[8.25,2.0,7.625,2.75],"tintindex":0,"rotation":0,"texture":"#0"},"west":{"uv":[7.625,2.0,7.25,2.75],"tintindex":0,"rotation":0,"texture":"#0"},"up":{"uv":[7.625,2.0,8.25,1.625],"tintindex":0,"rotation":0,"texture":"#0"},"down":{"uv":[8.25,1.625,8.875,2.0],"tintindex":0,"rotation":0,"texture":"#0"}}},{"from":[7.5,5.553936,5.4204197],"to":[11.5,11.553936,14.42042],"faces":{"east":{"uv":[2.75,1.125,1.625,1.875],"tintindex":0,"rotation":0,"texture":"#0"},"south":{"uv":[3.25,1.125,2.75,1.875],"tintindex":0,"rotation":0,"texture":"#0"},"north":{"uv":[1.625,1.125,1.125,1.875],"tintindex":0,"rotation":0,"texture":"#0"},"west":{"uv":[1.125,1.125,0.0,1.875],"tintindex":0,"rotation":0,"texture":"#0"},"up":{"uv":[1.125,1.125,1.625,0.0],"tintindex":0,"rotation":0,"texture":"#0"},"down":{"uv":[1.625,0.0,2.125,1.125],"tintindex":0,"rotation":0,"texture":"#0"}}}],"display":{"gui":{"rotation":[30,225,0]}}}