{"textures":{"0":"modelengine:entity/direbat"},"elements":[{"from":[2.5,2.5,6.0],"to":[13.5,9.5,20.0],"faces":{"east":{"uv":[9.0,6.75,10.75,7.625],"tintindex":0,"rotation":0,"texture":"#0"},"south":{"uv":[13.875,6.75,15.25,7.625],"tintindex":0,"rotation":0,"texture":"#0"},"north":{"uv":[10.75,6.75,12.125,7.625],"tintindex":0,"rotation":0,"texture":"#0"},"west":{"uv":[12.125,6.75,13.875,7.625],"tintindex":0,"rotation":0,"texture":"#0"},"up":{"uv":[12.125,6.75,10.75,5.0],"tintindex":0,"rotation":0,"texture":"#0"},"down":{"uv":[13.5,5.0,12.125,6.75],"tintindex":0,"rotation":0,"texture":"#0"}}}],"display":{"gui":{"rotation":[30,225,0]}}}