{"overrides":[{"predicate":{"custom_model_data":1},"model":"modelengine:bozo/mouth"},{"predicate":{"custom_model_data":2},"model":"modelengine:bozo/right_hand"},{"predicate":{"custom_model_data":3},"model":"modelengine:bozo/left_hand"},{"predicate":{"custom_model_data":4},"model":"modelengine:bozo/right_ring_finger"},{"predicate":{"custom_model_data":5},"model":"modelengine:bozo/right_index_finger"},{"predicate":{"custom_model_data":6},"model":"modelengine:bozo/right_middle_finger"},{"predicate":{"custom_model_data":7},"model":"modelengine:bozo/right_thumb"},{"predicate":{"custom_model_data":8},"model":"modelengine:bozo/left_ring_finger"},{"predicate":{"custom_model_data":9},"model":"modelengine:bozo/left_index_finger"},{"predicate":{"custom_model_data":10},"model":"modelengine:bozo/left_middle_finger"},{"predicate":{"custom_model_data":11},"model":"modelengine:bozo/left_thumb"},{"predicate":{"custom_model_data":12},"model":"modelengine:bozo/right_ring_finger_top"},{"predicate":{"custom_model_data":13},"model":"modelengine:bozo/right_index_finger_top"},{"predicate":{"custom_model_data":14},"model":"modelengine:bozo/right_middle_finger_top"},{"predicate":{"custom_model_data":15},"model":"modelengine:bozo/right_thumb_top"},{"predicate":{"custom_model_data":16},"model":"modelengine:bozo/left_ring_finger_top"},{"predicate":{"custom_model_data":17},"model":"modelengine:bozo/left_index_finger_top"},{"predicate":{"custom_model_data":18},"model":"modelengine:bozo/left_middle_finger_top"},{"predicate":{"custom_model_data":19},"model":"modelengine:bozo/left_thumb_top"},{"predicate":{"custom_model_data":20},"model":"modelengine:lifeformfellow/head"},{"predicate":{"custom_model_data":21},"model":"modelengine:lifeformfellow/right_arm"},{"predicate":{"custom_model_data":22},"model":"modelengine:lifeformfellow/left_leg"},{"predicate":{"custom_model_data":23},"model":"modelengine:lifeformfellow/torso"},{"predicate":{"custom_model_data":24},"model":"modelengine:lifeformfellow/left_arm"},{"predicate":{"custom_model_data":25},"model":"modelengine:lifeformfellow/right_leg"},{"predicate":{"custom_model_data":26},"model":"modelengine:lifeformfellow/lower_right_arm"},{"predicate":{"custom_model_data":27},"model":"modelengine:rat/head"},{"predicate":{"custom_model_data":28},"model":"modelengine:rat/right_front_leg"},{"predicate":{"custom_model_data":29},"model":"modelengine:rat/torso"},{"predicate":{"custom_model_data":30},"model":"modelengine:rat/tail"},{"predicate":{"custom_model_data":31},"model":"modelengine:rat/left_back_leg"},{"predicate":{"custom_model_data":32},"model":"modelengine:rat/right_back_leg"},{"predicate":{"custom_model_data":33},"model":"modelengine:rat/left_front_leg"},{"predicate":{"custom_model_data":34},"model":"modelengine:direbat/head"},{"predicate":{"custom_model_data":35},"model":"modelengine:direbat/right_front_leg"},{"predicate":{"custom_model_data":36},"model":"modelengine:direbat/left_back_leg"},{"predicate":{"custom_model_data":37},"model":"modelengine:direbat/right_back_leg"},{"predicate":{"custom_model_data":38},"model":"modelengine:direbat/left_front_leg"},{"predicate":{"custom_model_data":39},"model":"modelengine:direbat/nose"},{"predicate":{"custom_model_data":40},"model":"modelengine:direbat/sub_body"},{"predicate":{"custom_model_data":41},"model":"modelengine:direbat/body"}],"parent":"minecraft:item/generated","textures":{"layer0":"minecraft:item/leather_horse_armor"}}