{"textures":{"0":"modelengine:entity/rat"},"elements":[{"from":[8.5,8.875,6.875],"to":[10.5,10.875,6.875],"faces":{"south":{"uv":[7.0,9.5,8.0,10.5],"tintindex":0,"rotation":0,"texture":"#0"},"north":{"uv":[6.0,9.5,7.0,10.5],"tintindex":0,"rotation":0,"texture":"#0"}}},{"from":[6.5,6.875,4.875],"to":[9.5,9.875,8.875],"faces":{"east":{"uv":[0.5,14.0,2.5,15.5],"tintindex":0,"rotation":0,"texture":"#0"},"south":{"uv":[6.0,14.0,7.5,15.5],"tintindex":0,"rotation":0,"texture":"#0"},"north":{"uv":[2.5,14.0,4.0,15.5],"tintindex":0,"rotation":0,"texture":"#0"},"west":{"uv":[4.0,14.0,6.0,15.5],"tintindex":0,"rotation":0,"texture":"#0"},"up":{"uv":[4.0,14.0,2.5,12.0],"tintindex":0,"rotation":0,"texture":"#0"},"down":{"uv":[5.5,12.0,4.0,14.0],"tintindex":0,"rotation":0,"texture":"#0"}}},{"from":[7.0,6.875,2.875],"to":[9.0,8.875,4.875],"faces":{"east":{"uv":[9.0,1.5,10.0,2.5],"tintindex":0,"rotation":0,"texture":"#0"},"south":{"uv":[12.0,1.5,13.0,2.5],"tintindex":0,"rotation":0,"texture":"#0"},"north":{"uv":[10.0,1.5,11.0,2.5],"tintindex":0,"rotation":0,"texture":"#0"},"west":{"uv":[11.0,1.5,12.0,2.5],"tintindex":0,"rotation":0,"texture":"#0"},"up":{"uv":[11.0,1.5,10.0,0.5],"tintindex":0,"rotation":0,"texture":"#0"},"down":{"uv":[12.0,0.5,11.0,1.5],"tintindex":0,"rotation":0,"texture":"#0"}}},{"from":[5.5,8.875,6.875],"to":[7.5,10.875,6.875],"faces":{"south":{"uv":[8.0,9.5,7.0,10.5],"tintindex":0,"rotation":0,"texture":"#0"},"north":{"uv":[7.0,9.5,6.0,10.5],"tintindex":0,"rotation":0,"texture":"#0"}}}],"display":{"gui":{"rotation":[30,225,0]}}}