{"textures":{"0":"modelengine:entity/rat"},"elements":[{"from":[7.498,6.498,6.748],"to":[8.502,8.502,8.752],"faces":{"east":{"uv":[0.0,7.5,1.0,8.5],"tintindex":0,"rotation":0,"texture":"#0"},"south":{"uv":[2.5,7.5,3.0,8.5],"tintindex":0,"rotation":0,"texture":"#0"},"north":{"uv":[1.0,7.5,1.5,8.5],"tintindex":0,"rotation":0,"texture":"#0"},"west":{"uv":[1.5,7.5,2.5,8.5],"tintindex":0,"rotation":0,"texture":"#0"},"up":{"uv":[1.5,7.5,1.0,6.5],"tintindex":0,"rotation":0,"texture":"#0"},"down":{"uv":[2.0,6.5,1.5,7.5],"tintindex":0,"rotation":0,"texture":"#0"}}},{"from":[7.5,6.5,5.75],"to":[8.5,6.5,6.75],"faces":{"up":{"uv":[12.5,8.0,12.0,7.5],"tintindex":0,"rotation":0,"texture":"#0"},"down":{"uv":[13.0,7.5,12.5,8.0],"tintindex":0,"rotation":0,"texture":"#0"}}}],"display":{"gui":{"rotation":[30,225,0]}}}