{"textures":{"0":"modelengine:entity/rat"},"elements":[{"from":[7.5,6.5,7.5],"to":[8.5,8.5,8.5],"faces":{"east":{"uv":[12.0,10.0,11.5,11.0],"tintindex":0,"rotation":0,"texture":"#0"},"south":{"uv":[12.5,10.0,12.0,11.0],"tintindex":0,"rotation":0,"texture":"#0"},"north":{"uv":[11.5,10.0,11.0,11.0],"tintindex":0,"rotation":0,"texture":"#0"},"west":{"uv":[11.0,10.0,10.5,11.0],"tintindex":0,"rotation":0,"texture":"#0"},"up":{"uv":[11.0,10.0,11.5,9.5],"tintindex":0,"rotation":0,"texture":"#0"},"down":{"uv":[11.5,9.5,12.0,10.0],"tintindex":0,"rotation":0,"texture":"#0"}}},{"from":[7.5,6.5,6.5],"to":[8.5,6.5,7.5],"faces":{"up":{"uv":[11.5,3.5,12.0,3.0],"tintindex":0,"rotation":0,"texture":"#0"},"down":{"uv":[12.0,3.0,12.5,3.5],"tintindex":0,"rotation":0,"texture":"#0"}}}],"display":{"gui":{"rotation":[30,225,0]}}}