{"textures":{"0":"modelengine:entity/rat"},"elements":[{"from":[7.5,7.5,6.5],"to":[8.5,8.5,15.5],"faces":{"east":{"uv":[0.0,11.0,4.5,11.5],"tintindex":0,"rotation":0,"texture":"#0"},"south":{"uv":[9.5,11.0,10.0,11.5],"tintindex":0,"rotation":0,"texture":"#0"},"north":{"uv":[4.5,11.0,5.0,11.5],"tintindex":0,"rotation":0,"texture":"#0"},"west":{"uv":[5.0,11.0,9.5,11.5],"tintindex":0,"rotation":0,"texture":"#0"},"up":{"uv":[5.0,11.0,4.5,6.5],"tintindex":0,"rotation":0,"texture":"#0"},"down":{"uv":[5.5,6.5,5.0,11.0],"tintindex":0,"rotation":0,"texture":"#0"}}}],"display":{"gui":{"rotation":[30,225,0]}}}