{"textures":{"0":"modelengine:entity/rat"},"elements":[{"from":[6.0,6.0,4.0],"to":[10.0,10.0,12.0],"faces":{"east":{"uv":[0.0,4.0,4.0,6.0],"tintindex":0,"rotation":0,"texture":"#0"},"south":{"uv":[10.0,4.0,12.0,6.0],"tintindex":0,"rotation":0,"texture":"#0"},"north":{"uv":[4.0,4.0,6.0,6.0],"tintindex":0,"rotation":0,"texture":"#0"},"west":{"uv":[6.0,4.0,10.0,6.0],"tintindex":0,"rotation":0,"texture":"#0"},"up":{"uv":[6.0,4.0,4.0,0.0],"tintindex":0,"rotation":0,"texture":"#0"},"down":{"uv":[8.0,0.0,6.0,4.0],"tintindex":0,"rotation":0,"texture":"#0"}}}],"display":{"gui":{"rotation":[30,225,0]}}}